[
 {
  "pk": 1,
  "model": "new.place",
  "fields": {
   "name": "\u0411\u0430\u0431\u0430\u0435\u0432\u043e"
  }
 },
 {
  "pk": 2,
  "model": "new.place",
  "fields": {
   "name": "\u041c\u043e\u0441\u043a\u0432\u0430"
  }
 },
 {
  "pk": 3,
  "model": "new.place",
  "fields": {
   "name": "\u0413\u043b\u0430\u0437\u043e\u0432"
  }
 },
 {
  "pk": 4,
  "model": "new.place",
  "fields": {
   "name": "\u0414\u044c\u044e\u0442\u0438-\u0444\u0440\u0438"
  }
 },
 {
  "pk": 5,
  "model": "new.place",
  "fields": {
   "name": "\u0420\u0435\u043a\u043e\u043d\u0441\u0442\u0440\u0443\u043a\u0446\u0438\u044f \u0432\u043e\u043a\u0437\u0430\u043b\u043e\u0432"
  }
 },
 {
  "pk": 6,
  "model": "new.place",
  "fields": {
   "name": "\u0424\u0440\u0443\u043d\u0437\u0435"
  }
 },
 {
  "pk": 7,
  "model": "new.place",
  "fields": {
   "name": "\u0412\u044b\u0431\u043e\u0440\u0433"
  }
 },
 {
  "pk": 8,
  "model": "new.place",
  "fields": {
   "name": "\u041a\u041e\u0421"
  }
 },
 {
  "pk": 9,
  "model": "new.place",
  "fields": {
   "name": "\u0428\u043b\u0438\u0441\u0441\u0435\u043b\u044c\u0431\u0443\u0440\u0433 \u0421\u0443\u0441\u043b\u043e\u0432"
  }
 },
 {
  "pk": 10,
  "model": "new.place",
  "fields": {
   "name": "\u0410\u0433\u0440\u044b\u0437"
  }
 },
 {
  "pk": 11,
  "model": "new.place",
  "fields": {
   "name": "\u0421\u0435\u0440\u0435\u0431\u0440\u044f\u043d\u043d\u044b\u0435 \u043a\u043b\u044e\u0447\u0438"
  }
 },
 {
  "pk": 12,
  "model": "new.place",
  "fields": {
   "name": "\u041f\u0440\u043e\u0447\u0438\u0435"
  }
 },
 {
  "pk": 13,
  "model": "new.place",
  "fields": {
   "name": "\u041a\u0432\u0430\u0440\u0442\u0438\u0440\u044b"
  }
 },
 {
  "pk": 14,
  "model": "new.place",
  "fields": {
   "name": "\u0421\u0435\u0432\u0435\u0440\u043d\u0430\u044f"
  }
 },
 {
  "pk": 15,
  "model": "new.place",
  "fields": {
   "name": "\u0421\u043e\u0440\u0442\u0438\u0440\u043e\u0432\u043e\u0447\u043d\u0430\u044f"
  }
 },
 {
  "pk": 16,
  "model": "new.place",
  "fields": {
   "name": "\u041e\u0424\u0418\u0421"
  }
 },
 {
  "pk": 17,
  "model": "new.place",
  "fields": {
   "name": "\u0421\u043a\u043b\u0430\u0434"
  }
 },
 {
  "pk": 18,
  "model": "new.place",
  "fields": {
   "name": "\u0410\u0432\u0442\u043e\u0445\u043e\u0437\u044f\u0439\u0441\u0442\u0432\u043e"
  }
 },
 {
  "pk": 1,
  "model": "new.subject",
  "fields": {
   "place": 1,
   "name": "\u041a\u043e\u043c\u043f\u0440\u0435\u0441\u0441\u043e\u0440\u043d\u0430\u044f"
  }
 },
 {
  "pk": 2,
  "model": "new.subject",
  "fields": {
   "place": 1,
   "name": "\u041a\u043e\u0442\u0435\u043b\u044c\u043d\u0430\u044f"
  }
 },
 {
  "pk": 3,
  "model": "new.subject",
  "fields": {
   "place": 1,
   "name": "\u041d\u0430\u0440\u0443\u0436\u043d\u044b\u0435 \u0441\u0435\u0442\u0438 \u0412\u041a \u043a \u0446\u0435\u0445\u0443 \u0422\u041e-2"
  }
 },
 {
  "pk": 4,
  "model": "new.subject",
  "fields": {
   "place": 1,
   "name": "\u041f\u043b\u0430\u0442\u0444\u043e\u0440\u043c\u0430"
  }
 },
 {
  "pk": 5,
  "model": "new.subject",
  "fields": {
   "place": 1,
   "name": "\u041f\u0440\u0438\u0441\u0442\u0440\u043e\u0439\u043a\u0430 \u043a \u043f\u043e\u0441\u0442\u0443 \u042d\u0426"
  }
 },
 {
  "pk": 6,
  "model": "new.subject",
  "fields": {
   "place": 1,
   "name": "\u0421\u043a\u043b\u0430\u0434 \u043c\u0430\u0441\u0435\u043b"
  }
 },
 {
  "pk": 7,
  "model": "new.subject",
  "fields": {
   "place": 1,
   "name": "\u0421\u043a\u043b\u0430\u0434 \u0441\u0443\u0445\u043e\u0433\u043e \u043f\u0435\u0441\u043a\u0430"
  }
 },
 {
  "pk": 8,
  "model": "new.subject",
  "fields": {
   "place": 1,
   "name": "\u0421\u043a\u043b\u0430\u0434 \u0442\u043e\u043f\u043b\u0438\u0432\u0430"
  }
 },
 {
  "pk": 9,
  "model": "new.subject",
  "fields": {
   "place": 1,
   "name": "\u0421\u0422\u0417"
  }
 },
 {
  "pk": 10,
  "model": "new.subject",
  "fields": {
   "place": 1,
   "name": "\u0422\u041e-2"
  }
 },
 {
  "pk": 11,
  "model": "new.subject",
  "fields": {
   "place": 2,
   "name": "\u0411\u0435\u043b\u043e\u0440\u0443\u0441\u0441\u043a\u0438\u0439 \u0432\u043e\u043a\u0437\u0430\u043b"
  }
 },
 {
  "pk": 12,
  "model": "new.subject",
  "fields": {
   "place": 2,
   "name": "\u041a\u0430\u0437\u0430\u043d\u0441\u043a\u0430\u044f \u0440\u0430\u0434\u0438\u0430\u043b\u044c\u043d\u0430\u044f"
  }
 },
 {
  "pk": 13,
  "model": "new.subject",
  "fields": {
   "place": 2,
   "name": "\u041e\u0424\u0418\u0421"
  }
 },
 {
  "pk": 14,
  "model": "new.subject",
  "fields": {
   "place": 2,
   "name": "\u041e\u0444\u0438\u0441 \u0421\u041c\u04223"
  }
 },
 {
  "pk": 15,
  "model": "new.subject",
  "fields": {
   "place": 2,
   "name": "\u0421\u043a\u043b\u0430\u0434 \u041b\u044e\u0431\u0435\u0440\u0446\u044b"
  }
 },
 {
  "pk": 16,
  "model": "new.subject",
  "fields": {
   "place": 2,
   "name": "\u041f\u043b\u0430\u0442\u0444\u043e\u0440\u043c\u0430 \u041e\u0434\u0438\u043d\u0446\u043e\u0432\u043e"
  }
 },
 {
  "pk": 17,
  "model": "new.subject",
  "fields": {
   "place": 2,
   "name": "\u041f\u043b\u0430\u0442\u0444\u043e\u0440\u043c\u0430 \u0414\u0435\u0434\u043e\u0432\u0441\u043a"
  }
 },
 {
  "pk": 18,
  "model": "new.subject",
  "fields": {
   "place": 2,
   "name": "\u041f\u043b\u0430\u0442\u0444\u043e\u0440\u043c\u0430 \u0418\u0441\u0442\u0440\u0430"
  }
 },
 {
  "pk": 19,
  "model": "new.subject",
  "fields": {
   "place": 2,
   "name": "\u041f\u043b\u0430\u0442\u0444\u043e\u0440\u043c\u0430 \u0425\u043e\u0442\u044c\u043a\u043e\u0432\u043e"
  }
 },
 {
  "pk": 20,
  "model": "new.subject",
  "fields": {
   "place": 2,
   "name": "\u0414\u0422\u0428"
  }
 },
 {
  "pk": 21,
  "model": "new.subject",
  "fields": {
   "place": 2,
   "name": "\u0425\u0438\u043c\u043a\u0438 (\u041f\u043e\u0441\u0442 \u042d\u0426)"
  }
 },
 {
  "pk": 22,
  "model": "new.subject",
  "fields": {
   "place": 4,
   "name": "\u0424\u0438\u043d\u043b\u044f\u043d\u0434\u0441\u043a\u0438\u0439"
  }
 },
 {
  "pk": 23,
  "model": "new.subject",
  "fields": {
   "place": 4,
   "name": "\u0412\u044b\u0431\u043e\u0440\u0433"
  }
 },
 {
  "pk": 24,
  "model": "new.subject",
  "fields": {
   "place": 5,
   "name": "\u0424\u0438\u043d\u043b\u044f\u043d\u0434\u0441\u043a\u0438\u0439 \u0432\u043e\u043a\u0437\u0430\u043b"
  }
 },
 {
  "pk": 25,
  "model": "new.subject",
  "fields": {
   "place": 6,
   "name": "8"
  }
 },
 {
  "pk": 26,
  "model": "new.subject",
  "fields": {
   "place": 7,
   "name": "\u0422\u0430\u043c\u043e\u0436\u043d\u044f"
  }
 },
 {
  "pk": 27,
  "model": "new.subject",
  "fields": {
   "place": 7,
   "name": "\u0414\u043e\u043b\u0431"
  }
 },
 {
  "pk": 28,
  "model": "new.subject",
  "fields": {
   "place": 8,
   "name": "\u041f\u0443\u0448\u043a\u0438\u043d"
  }
 },
 {
  "pk": 29,
  "model": "new.subject",
  "fields": {
   "place": 8,
   "name": "\u041f\u043e\u043d\u0442\u043e\u043d\u043d\u044b\u0439"
  }
 },
 {
  "pk": 30,
  "model": "new.subject",
  "fields": {
   "place": 10,
   "name": "\u041f\u0422\u041e\u041b"
  }
 },
 {
  "pk": 31,
  "model": "new.subject",
  "fields": {
   "place": 10,
   "name": "\u0412\u043e\u0434\u043e\u043f\u0440\u043e\u0432\u043e\u0434"
  }
 },
 {
  "pk": 32,
  "model": "new.subject",
  "fields": {
   "place": 11,
   "name": "\u041b\u0435\u0447\u0435\u0431\u043d\u044b\u0439 \u043a\u043e\u0440\u043f\u0443\u0441"
  }
 },
 {
  "pk": 33,
  "model": "new.subject",
  "fields": {
   "place": 11,
   "name": "\u041d\u043e\u043c\u0435\u0440\u043d\u043e\u0439 \u0444\u043e\u043d\u0434"
  }
 },
 {
  "pk": 34,
  "model": "new.subject",
  "fields": {
   "place": 12,
   "name": "\u0421\u0412\u0410"
  }
 },
 {
  "pk": 35,
  "model": "new.subject",
  "fields": {
   "place": 12,
   "name": "\u041a\u0410\u041d"
  }
 },
 {
  "pk": 36,
  "model": "new.subject",
  "fields": {
   "place": 12,
   "name": "\u0423\u0447\u0430\u0441\u0442\u043e\u043a 1"
  }
 },
 {
  "pk": 37,
  "model": "new.subject",
  "fields": {
   "place": 12,
   "name": "\u0423\u0447\u0430\u0441\u0442\u043e\u043a 2"
  }
 },
 {
  "pk": 38,
  "model": "new.subject",
  "fields": {
   "place": 13,
   "name": "\u0412\u043e\u043b\u0433\u0443\u0448\u0435\u0432"
  }
 },
 {
  "pk": 39,
  "model": "new.subject",
  "fields": {
   "place": 13,
   "name": "\u0414\u0430\u0432\u044b\u0434\u043e\u0432"
  }
 },
 {
  "pk": 40,
  "model": "new.subject",
  "fields": {
   "place": 13,
   "name": "\u041a\u0430\u0437\u0430\u043d\u0446\u0435\u0432"
  }
 },
 {
  "pk": 41,
  "model": "new.subject",
  "fields": {
   "place": 13,
   "name": "\u041a\u0440\u0443\u0433\u043b\u0438\u0446\u043a\u0438\u0439"
  }
 },
 {
  "pk": 42,
  "model": "new.subject",
  "fields": {
   "place": 13,
   "name": "\u041b\u0435\u0433\u0430"
  }
 },
 {
  "pk": 43,
  "model": "new.subject",
  "fields": {
   "place": 13,
   "name": "\u0424\u0435\u0434\u043e\u0440\u043e\u0432"
  }
 },
 {
  "pk": 44,
  "model": "new.subject",
  "fields": {
   "place": 14,
   "name": "\u041a\u043e\u0442\u0435\u043b\u044c\u043d\u0430\u044f"
  }
 },
 {
  "pk": 45,
  "model": "new.subject",
  "fields": {
   "place": 14,
   "name": "\u041c\u043e\u0434\u0443\u043b\u044c\u043d\u044b\u0435 \u0437\u0434\u0430\u043d\u0438\u044f"
  }
 },
 {
  "pk": 46,
  "model": "new.subject",
  "fields": {
   "place": 14,
   "name": "\u041f\u0440\u0438\u0441\u0442\u0440\u043e\u0439\u043a\u0430 \u043a \u041f\u043e\u0441\u0442\u0443 \u042d\u0426"
  }
 },
 {
  "pk": 47,
  "model": "new.subject",
  "fields": {
   "place": 15,
   "name": "\u0410\u0411\u041a \u0441 \u0413\u0410\u0426"
  }
 },
 {
  "pk": 48,
  "model": "new.subject",
  "fields": {
   "place": 15,
   "name": "\u0414\u0421\u041f\u041f 1, 2"
  }
 },
 {
  "pk": 49,
  "model": "new.subject",
  "fields": {
   "place": 15,
   "name": "\u0412\u0440\u0435\u043c\u0435\u043d\u043d\u043e\u0435 \u043e\u0442\u043e\u043f\u043b\u0435\u043d\u0438\u0435"
  }
 },
 {
  "pk": 50,
  "model": "new.subject",
  "fields": {
   "place": 15,
   "name": "\u041a\u043e\u0442\u0435\u043b\u044c\u043d\u0430\u044f 1"
  }
 },
 {
  "pk": 51,
  "model": "new.subject",
  "fields": {
   "place": 15,
   "name": "\u041a\u043e\u0442\u0435\u043b\u044c\u043d\u0430\u044f 2"
  }
 },
 {
  "pk": 52,
  "model": "new.subject",
  "fields": {
   "place": 15,
   "name": "\u041c\u043e\u043d\u0442\u0435\u0440\u044b \u043f\u0443\u0442\u0435\u0439"
  }
 },
 {
  "pk": 53,
  "model": "new.subject",
  "fields": {
   "place": 15,
   "name": "\u041f\u043e\u0441\u0442 \u042d\u0426 \u0441 \u041c\u042d\u0426"
  }
 },
 {
  "pk": 54,
  "model": "new.subject",
  "fields": {
   "place": 15,
   "name": "\u0421\u0442\u043e\u043b\u043e\u0432\u0430\u044f"
  }
 },
 {
  "pk": 55,
  "model": "new.subject",
  "fields": {
   "place": 15,
   "name": "\u0421\u0411\u0417"
  }
 },
 {
  "pk": 56,
  "model": "new.subject",
  "fields": {
   "place": 15,
   "name": "\u0422\u0435\u043f\u043b\u043e\u0442\u0440\u0430\u0441\u0441\u0430"
  }
 },
 {
  "pk": 57,
  "model": "new.subject",
  "fields": {
   "place": 15,
   "name": "\u0422\u0435\u043f\u043b\u043e\u0432\u044b\u0435 \u0441\u0435\u0442\u0438"
  }
 },
 {
  "pk": 58,
  "model": "new.subject",
  "fields": {
   "place": 15,
   "name": "\u0422\u044f\u0433\u043e\u0432\u0430\u044f \u043f\u043e\u0434\u0441\u0442\u0430\u043d\u0446\u0438\u044f"
  }
 },
 {
  "pk": 59,
  "model": "new.subject",
  "fields": {
   "place": 16,
   "name": "\u041c\u0430\u0440\u0430\u0442\u0430 40"
  }
 },
 {
  "pk": 60,
  "model": "new.subject",
  "fields": {
   "place": 16,
   "name": "\u0411.\u041c\u043e\u0441\u043a\u043e\u0432\u0441\u043a\u0430\u044f 1/3"
  }
 },
 {
  "pk": 61,
  "model": "new.subject",
  "fields": {
   "place": 17,
   "name": "\u0421\u0435\u0434\u043e\u0432\u0430 4"
  }
 },
 {
  "pk": 62,
  "model": "new.subject",
  "fields": {
   "place": 17,
   "name": "\u042f\u043d\u0438\u043d\u043e"
  }
 },
 {
  "pk": 1,
  "model": "new.department",
  "fields": {
   "name": "\u041e\u0431\u0449\u0435\u0441\u0442\u0440\u043e\u0439"
  }
 },
 {
  "pk": 2,
  "model": "new.department",
  "fields": {
   "name": "\u041e\u0412 \u0438 \u0412\u041a"
  }
 },
 {
  "pk": 3,
  "model": "new.department",
  "fields": {
   "name": "\u0421\u043b\u0430\u0431\u043e\u0442\u043e\u0447\u043a\u0430"
  }
 },
 {
  "pk": 4,
  "model": "new.department",
  "fields": {
   "name": "\u0421\u0443\u0431\u043f\u043e\u0434\u0440\u044f\u0434"
  }
 },
 {
  "pk": 5,
  "model": "new.department",
  "fields": {
   "name": "\u042d\u043b\u0435\u043a\u0442\u0440\u0438\u043a\u0438 "
  }
 },
 {
  "pk": 6,
  "model": "new.department",
  "fields": {
   "name": "\u041d\u0430\u043a\u043b\u0430\u0434\u043d\u044b\u0435"
  }
 },
 {
  "pk": 7,
  "model": "new.department",
  "fields": {
   "name": "\u0420\u0430\u0431\u043e\u0442\u0430 \u0442\u0435\u0445\u043d\u0438\u043a\u0438"
  }
 },
 {
  "pk": 1,
  "model": "new.payer",
  "fields": {
   "name": "\u0413\u0430\u0440\u0430\u043d\u0442\u0421\u0442\u0440\u043e\u0439"
  }
 },
 {
  "pk": 2,
  "model": "new.payer",
  "fields": {
   "name": "\u041a\u0440\u0435\u043f\u043e\u0441\u0442\u044c"
  }
 },
 {
  "pk": 3,
  "model": "new.payer",
  "fields": {
   "name": "\u0421\u041a\u0421"
  }
 },
 {
  "pk": 4,
  "model": "new.payer",
  "fields": {
   "name": "\u0416\u0411\u041a2"
  }
 },
 {
  "pk": 5,
  "model": "new.payer",
  "fields": {
   "name": "\u041c\u0435\u0440\u0438\u0434\u0438\u0430\u043d"
  }
 },
 {
  "pk": 6,
  "model": "new.payer",
  "fields": {
   "name": "\u0415\u0432\u0440\u043e\u0434\u043e\u043c"
  }
 },
 {
  "pk": 7,
  "model": "new.payer",
  "fields": {
   "name": "\u0424\u0430\u0431\u0438\u043e\u043b\u0430"
  }
 }
]